{
    "men": [
        {
          "_id": "6247c11f5212f7613b282b50",
          "image1": "https://sslimages.shoppersstop.com/sys-master/images/ha1/h5d/17556108050462/AW21IST018_OLIVE_alt1.jpg_1088Wx1632H",
          "image2": "https://sslimages.shoppersstop.com/sys-master/images/h48/hed/17556167819294/AW21IST018_OLIVE_alt2.jpg_1088Wx1632H",
          "image3": "https://sslimages.shoppersstop.com/sys-master/images/h07/hb6/17556104019998/AW21IST018_OLIVE.jpg_1088Wx1632H",
          "image4": "https://sslimages.shoppersstop.com/sys-master/images/h6d/he3/17556154908702/AW21IST018_OLIVE_alt3.jpg_1088Wx1632H",
          "image5": "https://sslimages.shoppersstop.com/sys-master/images/h71/h5a/17556106870814/AW21IST018_OLIVE_alt4.jpg_1088Wx1632H",
          "BrandName": "Infuse",
          "ProductName": "Solid Cotton Jersey Regular Fit Mens T-Shirt",
          "Price": 249,
          "strikeoffPrice": 499,
          "offer": "Buy Any 1 Of Select Infuse And Get 50% Off",
          "countryOrigin": "India",
          "Sleeves": "Half Sleeves",
          "Fit": "Regular",
          "Neckline": "crew",
          "Pattern": "Solid",
          "Fabric": "100%Cotton Jersey",
          "PackOf": "Pack of 1",
          "Occasion": "Casual",
          "Collar": "Regular"
        },
        {
          "_id": "6247c11f5212f7613b282b51",
          "image1": "https://sslimages.shoppersstop.com/sys-master/images/h09/ha2/27272590753822/S22KCURGPP51010_YELLOW_alt1.jpg_1088Wx1632H",
          "image2": "https://sslimages.shoppersstop.com/sys-master/images/h5a/h0d/27272274935838/S22KCURGPP51010_YELLOW_alt2.jpg_1088Wx1632H",
          "image3": "https://sslimages.shoppersstop.com/sys-master/images/hec/h38/27272576729118/S22KCURGPP51010_YELLOW.jpg_1088Wx1632H",
          "image4": "https://sslimages.shoppersstop.com/sys-master/images/h9b/h87/27272755937310/S22KCURGPP51010_YELLOW_alt3.jpg_1088Wx1632H",
          "image5": "https://sslimages.shoppersstop.com/sys-master/images/h5a/h0d/27272274935838/S22KCURGPP51010_YELLOW_alt2.jpg_1088Wx1632H",
          "BrandName": "Van Heusen Sport",
          "ProductName": "Solid Cotton Regular Fit Mens T-Shirt",
          "Price": 349,
          "strikeoffPrice": 699,
          "offer": "Shop For 7999 And Get 1000 Off On Van Heusen Men's Wear",
          "countryOrigin": "India",
          "Sleeves": "Half Sleeves",
          "Fit": "Regular",
          "Neckline": "crew",
          "Pattern": "Printed",
          "Fabric": "Cotton",
          "PackOf": "Single",
          "Occasion": "Casual",
          "Collar": "Regular Collar"
        },
        {
          "_id": "6247c11f5212f7613b282b52",
          "image1": "https://sslimages.shoppersstop.com/sys-master/images/ha1/h72/17550891909150/A21VFSUPCRWBL_BLACK_alt1.jpg_1088Wx1632H",
          "image2": "https://sslimages.shoppersstop.com/sys-master/images/hc3/h5c/17550856880158/A21VFSUPCRWBL_BLACK_alt2.jpg_1088Wx1632H",
          "image3": "https://sslimages.shoppersstop.com/sys-master/images/h0f/hba/17550828666910/A21VFSUPCRWBL_BLACK.jpg_1088Wx1632H",
          "image4": "https://sslimages.shoppersstop.com/sys-master/images/hfc/h63/17550888763422/A21VFSUPCRWBL_BLACK_alt3.jpg_1088Wx1632H",
          "image5": "https://sslimages.shoppersstop.com/sys-master/images/hf9/ha0/17550844133406/A21VFSUPCRWBL_BLACK_alt4.jpg_1088Wx1632H",
          "BrandName": "Fratini",
          "ProductName": "Solid Cotton Stretch Regular Fit Mens T-Shirt",
          "Price": 499,
          "strikeoffPrice": 999,
          "offer": "Buy Any 1 Of Selected Products And Get 50% Off",
          "countryOrigin": "India",
          "Sleeves": "Half Sleeves",
          "Fit": "Regular",
          "Neckline": "crew",
          "Pattern": "Solid",
          "Fabric": "Cotton Stretch",
          "PackOf": "Pack of 1",
          "Occasion": "Casual",
          "Collar": "Regular"
        },
        {
          "_id": "6247c11f5212f7613b282b53",
          "image1": "https://sslimages.shoppersstop.com/sys-master/images/h19/had/27082026057758/S22THPOA1AMK286_WHITE_alt1.jpg_1088Wx1632H",
          "image2": "https://sslimages.shoppersstop.com/sys-master/images/h98/h93/27082055614494/S22THPOA1AMK286_WHITE_alt2.jpg_1088Wx1632H",
          "image3": "https://sslimages.shoppersstop.com/sys-master/images/h1a/hd4/27081745793054/S22THPOA1AMK286_WHITE.jpg_1088Wx1632H",
          "image4": "https://sslimages.shoppersstop.com/sys-master/images/hf1/h04/27081612656670/S22THPOA1AMK286_WHITE_alt3.jpg_1088Wx1632H",
          "image5": "https://sslimages.shoppersstop.com/sys-master/images/h68/hcd/27081999384606/S22THPOA1AMK286_WHITE_alt5.jpg_1088Wx1632H",
          "BrandName": "Tommy Hilfiger",
          "ProductName": "Solid Cotton Slim Fit Mens T-Shirt",
          "Price": 399,
          "strikeoffPrice": 799,
          "offer": "Buy Any 1 Of Select Tommy Hilfiger And Get 50% Off",
          "countryOrigin": "India",
          "Sleeves": "Half Sleeves",
          "Fit": "Slim",
          "Neckline": "Polo Collar",
          "Pattern": "Solid",
          "Fabric": "Cotton",
          "PackOf": "Single",
          "Occasion": "Casual",
          "Collar": "Regular"
        },
        {
          "_id": "6247c11f5212f7613b282b54",
          "image1": "https://sslimages.shoppersstop.com/sys-master/images/hd3/hc8/27148098797598/S22MARWANIPWHI_WHITE_alt1.jpg_1088Wx1632H",
          "image2": "https://sslimages.shoppersstop.com/sys-master/images/h36/h40/27145754607646/S22MARWANIPWHI_WHITE_alt2.jpg_1088Wx1632H",
          "image3": "https://sslimages.shoppersstop.com/sys-master/images/h5f/hf6/27149159333918/S22MARWANIPWHI_WHITE.jpg_1088Wx1632H",
          "image4": "https://sslimages.shoppersstop.com/sys-master/images/ha3/hdf/27149922107422/S22MARWANIPWHI_WHITE_alt3.jpg_1088Wx1632H",
          "image5": "https://sslimages.shoppersstop.com/sys-master/images/h98/hf2/27149094879262/S22MARWANIPWHI_WHITE_alt4.jpg_1088Wx1632H",
          "BrandName": "Pepe",
          "ProductName": "Solid Cotton Lycra Slim Mens T-Shirt",
          "Price": 499,
          "strikeoffPrice": 999,
          "offer": "Shop For 7999 And Get 1000 Off On Pepe Men's Wear",
          "countryOrigin": "India",
          "Sleeves": "Half Sleeves",
          "Fit": "Slim",
          "Neckline": "Round",
          "Pattern": "Solid",
          "Fabric": "Cotton Lycra",
          "PackOf": "Single",
          "Occasion": "Casual",
          "Collar": "Regular"
        },
        {
          "_id": "6247c11f5212f7613b282b55",
          "image1": "https://sslimages.shoppersstop.com/sys-master/images/hc5/h6d/15483070119966/S20CSRNCAO2WWH_WHITE_alt1.jpg_1088Wx1632H",
          "image2": "https://sslimages.shoppersstop.com/sys-master/images/h19/h27/15482721304606/S20CSRNCAO2WWH_WHITE_alt2.jpg_1088Wx1632H",
          "image3": "https://sslimages.shoppersstop.com/sys-master/images/hb6/hb2/15483573862430/S20CSRNCAO2WWH_WHITE.jpg_1088Wx1632H",
          "image4": "https://sslimages.shoppersstop.com/sys-master/images/h5a/h7e/15483072872478/S20CSRNCAO2WWH_WHITE_alt3.jpg_1088Wx1632H",
          "image5": "https://sslimages.shoppersstop.com/sys-master/images/ha4/ha4/15482939768862/S20CSRNCAO2WWH_WHITE_alt4.jpg_1088Wx1632H",
          "BrandName": "Campus Sutra",
          "ProductName": "Regular Fit Mens T-Shirt",
          "Price": 599,
          "strikeoffPrice": 1199,
          "offer": "Buy Any 1 Of Select Campus Sutra And Get 50% Off",
          "countryOrigin": "India",
          "Sleeves": "Full Sleeves",
          "Fit": "Regular",
          "Neckline": "Round",
          "Pattern": "Solid",
          "Fabric": "Cotton",
          "PackOf": "Single",
          "Occasion": "Casual",
          "Collar": "Regular"
        },
        {
          "_id": "6247c11f5212f7613b282b56",
          "image1": "https://sslimages.shoppersstop.com/sys-master/images/ha4/hbb/27298413740062/S22TSOVAL3_GREY_alt1.jpg_1088Wx1632H",
          "image2": "https://sslimages.shoppersstop.com/sys-master/images/ha4/h50/27297878179870/S22TSOVAL3_GREY_alt2.jpg_1088Wx1632H",
          "image3": "https://sslimages.shoppersstop.com/sys-master/images/hef/h5c/27298240921630/S22TSOVAL3_GREY.jpg_1088Wx1632H",
          "image4": "https://sslimages.shoppersstop.com/sys-master/images/he6/hc8/27298337259550/S22TSOVAL3_GREY_alt3.jpg_1088Wx1632H",
          "image5": "https://sslimages.shoppersstop.com/sys-master/images/hb1/h6e/27298263400478/S22TSOVAL3_GREY_alt4.jpg_1088Wx1632H",
          "BrandName": "Rare Rabbit",
          "ProductName": "Solid Cotton Slim Mens T-Shirt",
          "Price": 499,
          "strikeoffPrice": 999,
          "offer": "Buy Any 1 Of Select Rare Rabbit And Get 50% Off",
          "countryOrigin": "India",
          "Sleeves": "Half Sleeves",
          "Fit": "Slim",
          "Neckline": "Round",
          "Pattern": "Solid",
          "Fabric": "Cotton",
          "PackOf": "Pack of 1",
          "Occasion": "Casual",
          "Collar": "Regular"
        },
        {
          "_id": "6247c11f5212f7613b282b57",
          "image1": "https://sslimages.shoppersstop.com/sys-master/images/h89/h75/26943800311838/S22MKT01BB015BL_BLACK_alt1.jpg_1088Wx1632H",
          "image2": "https://sslimages.shoppersstop.com/sys-master/images/he6/h0c/26944227475486/S22MKT01BB015BL_BLACK_alt2.jpg_1088Wx1632H",
          "image3": "https://sslimages.shoppersstop.com/sys-master/images/ha1/he4/26943945080862/S22MKT01BB015BL_BLACK.jpg_1088Wx1632H",
          "image4": "https://sslimages.shoppersstop.com/sys-master/images/ha2/he2/26944893124638/S22MKT01BB015BL_BLACK_alt3.jpg_1088Wx1632H",
          "image5": "https://sslimages.shoppersstop.com/sys-master/images/h5d/h2f/26944667353118/S22MKT01BB015BL_BLACK_alt4.jpg_1088Wx1632H",
          "BrandName": "Spykar",
          "ProductName": "Printed Blended Slim Fit Mens T-Shirt",
          "Price": 299,
          "strikeoffPrice": 599,
          "offer": "Shop For 7999 And Get 1250 Off On Spykar Men's Wear",
          "countryOrigin": "India",
          "Sleeves": "Half Sleeves",
          "Fit": "Slim",
          "Neckline": "Round",
          "Pattern": "Printed",
          "Fabric": "Cotton",
          "PackOf": "Single",
          "Occasion": "Casual",
          "Collar": "Regular"
        },
        {
          "_id": "6247c11f5212f7613b282b58",
          "image1": "https://sslimages.shoppersstop.com/sys-master/images/h5a/hd6/27294688739358/S22ITMTS01198Y_YELLOW_alt2.jpg_1088Wx1632H",
          "image2": "https://sslimages.shoppersstop.com/sys-master/images/hbf/h1a/27294830690334/S22ITMTS01198Y_YELLOW_alt3.jpg_1088Wx1632H",
          "image3": "https://sslimages.shoppersstop.com/sys-master/images/h7b/ha4/27294959927326/S22ITMTS01198Y_YELLOW.jpg_1088Wx1632H",
          "image4": "https://sslimages.shoppersstop.com/sys-master/images/hdb/h2c/27295211454494/S22ITMTS01198Y_YELLOW_alt4.jpg_1088Wx1632H",
          "image5": "https://sslimages.shoppersstop.com/sys-master/images/h5a/hd6/27294688739358/S22ITMTS01198Y_YELLOW_alt2.jpg_1088Wx1632H",
          "BrandName": "Indian Terrain",
          "ProductName": "Solid Cotton Regular Mens T-Shirt",
          "Price": 399,
          "strikeoffPrice": 799,
          "offer": "Shop For 3999 And Get 499 Off On Indian Terrain Men's Wear",
          "countryOrigin": "India",
          "Sleeves": "Half Sleeves",
          "Fit": "Regular",
          "Neckline": "Polo Collar",
          "Pattern": "Solid",
          "Fabric": "Cotton",
          "PackOf": "Single",
          "Occasion": "Casual",
          "Collar": "Regular"
        },
        {
          "_id": "6247c11f5212f7613b282b59",
          "image1": "https://sslimages.shoppersstop.com/sys-master/images/hcd/h29/26962624315422/S22WMTS003376YE_YELLOW_alt1.jpg_1088Wx1632H",
          "image2": "https://sslimages.shoppersstop.com/sys-master/images/h47/hd8/26961566367774/S22WMTS003376YE_YELLOW_alt2.jpg_1088Wx1632H",
          "image3": "https://sslimages.shoppersstop.com/sys-master/images/hf3/hdf/26963139690526/S22WMTS003376YE_YELLOW.jpg_1088Wx1632H",
          "image4": "https://sslimages.shoppersstop.com/sys-master/images/h44/h70/26959861973022/S22WMTS003376YE_YELLOW_alt3.jpg_1088Wx1632H",
          "image5": "https://sslimages.shoppersstop.com/sys-master/images/he7/hb7/26959702196254/S22WMTS003376YE_YELLOW_alt4.jpg_1088Wx1632H",
          "BrandName": "Wrangler",
          "ProductName": "Stripes Cotton Regular Fit Mens T-Shirt",
          "Price": 399,
          "strikeoffPrice": 799,
          "offer": "Shop For 4499 And Get 750 Off On Lee Wrangler Men's Wear",
          "countryOrigin": "India",
          "Sleeves": "Half Sleeves",
          "Fit": "Regular",
          "Neckline": "Polo Collar",
          "Pattern": "Stripe",
          "Fabric": "Cotton",
          "PackOf": "Single",
          "Occasion": "Casual",
          "Collar": "Regular"
        },
        {
          "_id": "6247c11f5212f7613b282b5a",
          "image1": "https://sslimages.shoppersstop.com/sys-master/images/hff/h6e/27230405230622/S2267015545BL_BLUE_alt1.jpg_1088Wx1632H",
          "image2": "https://sslimages.shoppersstop.com/sys-master/images/h1e/hff/27230587912222/S2267015545BL_BLUE_alt2.jpg_1088Wx1632H",
          "image3": "https://sslimages.shoppersstop.com/sys-master/images/h21/hfe/27230231953438/S2267015545BL_BLUE.jpg_1088Wx1632H",
          "image4": "https://sslimages.shoppersstop.com/sys-master/images/hcd/h8c/27230497112094/S2267015545BL_BLUE_alt3.jpg_1088Wx1632H",
          "image5": "https://sslimages.shoppersstop.com/sys-master/images/h8c/h0b/27230199513118/S2267015545BL_BLUE_alt4.jpg_1088Wx1632H",
          "BrandName": "Puma",
          "ProductName": "Cotton Regular Fit Mens T-Shirt",
          "Price": 699,
          "strikeoffPrice": 1399,
          "offer": "Buy Any 1 Of Select Puma And Get 50% Off",
          "countryOrigin": "India",
          "Sleeves": "Short Sleeves",
          "Fit": "Regular",
          "Neckline": "Polo",
          "Pattern": "Stripe",
          "Fabric": "Cotton",
          "PackOf": "Single",
          "Occasion": "Active Wear",
          "Collar": "Regular"
        },
        {
          "_id": "6247c11f5212f7613b282b5b",
          "image1": "https://sslimages.shoppersstop.com/sys-master/images/h6c/h5d/27092281294878/S22JJ151981002_GREY_alt1.jpg_1088Wx1632H",
          "image2": "https://sslimages.shoppersstop.com/sys-master/images/h28/hc6/27093073133598/S22JJ151981002_GREY_alt2.jpg_1088Wx1632H",
          "image3": "https://sslimages.shoppersstop.com/sys-master/images/h48/hae/27092002897950/S22JJ151981002_GREY.jpg_1088Wx1632H",
          "image4": "https://sslimages.shoppersstop.com/sys-master/images/h63/h74/27091678396446/S22JJ151981002_GREY_alt3.jpg_1088Wx1632H",
          "image5": "https://sslimages.shoppersstop.com/sys-master/images/h28/hc6/27093073133598/S22JJ151981002_GREY_alt2.jpg_1088Wx1632H",
          "BrandName": "Jack And Jones",
          "ProductName": "Solid Cotton Slim Fit Mens T-Shirt",
          "Price": 599,
          "strikeoffPrice": 1199,
          "offer": "Buy Any 1 Of Select Jack And Jones And Get 50% Off",
          "countryOrigin": "India",
          "Sleeves": "Half Sleeves",
          "Fit": "Slim",
          "Neckline": "Round",
          "Pattern": "Solid",
          "Fabric": "Cotton",
          "PackOf": "Single",
          "Occasion": "Casual",
          "Collar": "Regular"
        }
      ],
      "women":[
        {
          "_id": "6242ec957e0aa8695acca774",
          "image1": "https://sslimages.shoppersstop.com/sys-master/images/hf6/he1/26864156737566/S22EP3153BLUE_BLUE_alt1.jpg_1088Wx1632H",
          "image2": "https://sslimages.shoppersstop.com/sys-master/images/h7c/hf2/26863494397982/S22EP3153BLUE_BLUE_alt2.jpg_1088Wx1632H",
          "image3": "https://sslimages.shoppersstop.com/sys-master/images/hd3/h9f/26864249143326/S22EP3153BLUE_BLUE.jpg_1088Wx1632H",
          "image4": "https://sslimages.shoppersstop.com/sys-master/images/h1d/h10/26863764111390/S22EP3153BLUE_BLUE_alt3.jpg_1088Wx1632H",
          "image5": "https://sslimages.shoppersstop.com/sys-master/images/he2/h01/26866565939230/S22EP3153BLUE_BLUE_alt4.jpg_1088Wx1632H",
          "BrandName": "Rare",
          "ProductName": "Floral Polyester V Neck Womens Flared Dress",
          "Price": 349,
          "strikeoffPrice": 699,
          "offer": "Buy Any 1 Or More Of Rare And Get 50% Off",
          "countryOrigin": "India",
          "Sleeves": "Half Sleeves",
          "Fit": "Regular",
          "Neckline": "V Neck",
          "Pattern": "Floral",
          "Fabric": "Polyster",
          "PackOf": "Single",
          "Occasion": "Casual"
        },
        {
          "_id": "6242ec957e0aa8695acca77c",
          "image1": "https://sslimages.shoppersstop.com/sys-master/images/h56/hdf/26505565569054/A21SM5004BLACK_BLACK_alt1.jpg_1088Wx1632H",
          "image2": "https://sslimages.shoppersstop.com/sys-master/images/hc8/h2d/26505026011166/A21SM5004BLACK_BLACK_alt2.jpg_1088Wx1632H",
          "image3": "https://sslimages.shoppersstop.com/sys-master/images/h48/h14/26505607053342/A21SM5004BLACK_BLACK.jpg_1088Wx1632H",
          "image4": "https://sslimages.shoppersstop.com/sys-master/images/h48/hc7/26505896755230/A21SM5004BLACK_BLACK_alt3.jpg_1088Wx1632H",
          "image5": "https://sslimages.shoppersstop.com/sys-master/images/hc8/h2d/26505026011166/A21SM5004BLACK_BLACK_alt2.jpg_1088Wx1632H",
          "BrandName": "Samshek",
          "ProductName": "Solid Round Neck Crepe Womens Regular Dress",
          "Price": 849,
          "strikeoffPrice": 1699,
          "offer": "Buy Any 1 Or More Of Samshek And Get 50% Off",
          "countryOrigin": "India",
          "Sleeves": "Half Sleeves",
          "Fit": "Relaxed",
          "Neckline": "Round",
          "Pattern": "Solid",
          "Fabric": "Crepe",
          "PackOf": "Single",
          "Occasion": "Casual"
        },
        {
          "_id": "6242ec957e0aa8695acca779",
          "image1": "https://sslimages.shoppersstop.com/sys-master/images/h7d/h78/27176785412126/S22ZINKD02081_BLACK_alt1.jpg_1088Wx1632H",
          "image2": "https://sslimages.shoppersstop.com/sys-master/images/h35/hbe/27176876605470/S22ZINKD02081_BLACK_alt2.jpg_1088Wx1632H",
          "image3": "https://sslimages.shoppersstop.com/sys-master/images/h1a/h70/27176853995550/S22ZINKD02081_BLACK.jpg_1088Wx1632H",
          "image4": "https://sslimages.shoppersstop.com/sys-master/images/hf0/hde/27176875819038/S22ZINKD02081_BLACK_alt3.jpg_1088Wx1632H",
          "image5": "https://sslimages.shoppersstop.com/sys-master/images/h76/hd4/27176842625054/S22ZINKD02081_BLACK_alt5.jpg_1088Wx1632H",
          "BrandName": "Zink London",
          "ProductName": "Textured Polyester Round Neck Womens Dress",
          "Price": 549,
          "strikeoffPrice": 1099,
          "offer": "Buy Any 1 Or More Of Zink London And Get 50% Off",
          "countryOrigin": "India",
          "Sleeves": "Short Sleeves",
          "Fit": "Regular",
          "Neckline": "Round",
          "Pattern": "Textured",
          "Fabric": "Polyster",
          "PackOf": "Single",
          "Occasion": "Party"
        },
        {
          "_id": "6242ec957e0aa8695acca777",
          "image1": "https://sslimages.shoppersstop.com/sys-master/images/h50/hba/26980422877214/S22COV4CI9021PI_PINK_alt1.jpg_1088Wx1632H",
          "image2": "https://sslimages.shoppersstop.com/sys-master/images/ha0/h28/26982636617758/S22COV4CI9021PI_PINK_alt2.jpg_1088Wx1632H",
          "image3": "https://sslimages.shoppersstop.com/sys-master/images/h79/h6d/26983027802142/S22COV4CI9021PI_PINK.jpg_1088Wx1632H",
          "image4": "https://sslimages.shoppersstop.com/sys-master/images/hb1/h98/26983675723806/S22COV4CI9021PI_PINK_alt3.jpg_1088Wx1632H",
          "image5": "https://sslimages.shoppersstop.com/sys-master/images/h0c/h91/26981051826206/S22COV4CI9021PI_PINK_alt4.jpg_1088Wx1632H",
          "BrandName": "Cover Story",
          "ProductName": "Solid V-Neck Polyeter Metalic Fiber Womens Regular Dress",
          "Price": 449,
          "strikeoffPrice": 899,
          "offer": "Buy Any 1 Or More Of Cover Story And Get 50% Off",
          "countryOrigin": "India",
          "Sleeves": "Full Sleeves",
          "Fit": "Regular",
          "Neckline": "V Neck",
          "Pattern": "Solid",
          "Fabric": "Polyster Metalic Fibre",
          "PackOf": "Single",
          "Occasion": "Casual"
        },
        {
          "_id": "6242ec957e0aa8695acca778",
          "image1": "https://sslimages.s3-ap-southeast-1.amazonaws.com/sys-master/images/hd5/ha6/26948187881502/S21FABDRS04050_PINK_alt1.jpg_1088Wx1632H",
          "image2": "https://sslimages.shoppersstop.com/sys-master/images/h89/h43/26946087026718/S21FABDRS04050_PINK_alt2.jpg_1088Wx1632H",
          "image3": "https://sslimages.shoppersstop.com/sys-master/images/hdb/h8d/26946048163870/S21FABDRS04050_PINK.jpg_1088Wx1632H",
          "image4": "https://sslimages.shoppersstop.com/sys-master/images/ha1/hbc/26945543176222/S21FABDRS04050_PINK_alt3.jpg_1088Wx1632H",
          "image5": "https://sslimages.shoppersstop.com/sys-master/images/h55/ha3/26945679360030/S21FABDRS04050_PINK_alt4.jpg_1088Wx1632H",
          "BrandName": "Faballey",
          "ProductName": "Solid Collar Neck Georgette Womens Regular Dress",
          "Price": 549,
          "strikeoffPrice": 1099,
          "offer": "Buy Any 1 Or More Of Faballey And Get 50% Off",
          "countryOrigin": "India",
          "Sleeves": "Three Quarter Sleeves",
          "Fit": "Regular",
          "Neckline": "Coller Neck",
          "Pattern": "Solid",
          "Fabric": "Geogette",
          "PackOf": "Single",
          "Occasion": "Casual"
        },
        {
          "_id": "6242ec957e0aa8695acca77d",
          "image1": "https://sslimages.shoppersstop.com/sys-master/images/h15/h71/13464083726366/206112177_9212_alt1.jpg_1088Wx1632H",
          "image2": "https://sslimages.shoppersstop.com/sys-master/images/hb6/hfd/13468436758558/206112177_9212_alt2.jpg_1088Wx1632H",
          "image3": "https://sslimages.shoppersstop.com/sys-master/images/hb8/h49/13466515570718/206112177_9212.jpg_1088Wx1632H",
          "image4": "https://sslimages.shoppersstop.com/sys-master/images/hb1/h20/13466153975838/206112177_9212_alt3.jpg_1088Wx1632H",
          "image5": "https://sslimages.shoppersstop.com/sys-master/images/hb6/hfd/13468436758558/206112177_9212_alt2.jpg_1088Wx1632H",
          "BrandName": "Madame",
          "ProductName": "Womens High Neck Solid Shift Dress",
          "Price": 749,
          "strikeoffPrice": 1499,
          "offer": "Buy Any 1 Or More Of Madame And Get 50% Off",
          "countryOrigin": "India",
          "Sleeves": "Sleevesless",
          "Fit": "Relaxed",
          "Neckline": "High Neck",
          "Pattern": "Solid",
          "Fabric": "Polyster",
          "PackOf": "Single",
          "Occasion": "Casual"
        },
        {
          "_id": "6242ec957e0aa8695acca775",
          "image1": "https://sslimages.shoppersstop.com/sys-master/images/hb3/he5/27071879675934/S22346DR215_BLUE_alt1.jpg_1088Wx1632H",
          "image2": "https://sslimages.shoppersstop.com/sys-master/images/hac/hb4/27071896780830/S22346DR215_BLUE_alt2.jpg_1088Wx1632H",
          "image3": "https://sslimages.shoppersstop.com/sys-master/images/h7f/h9d/27070352195614/S22346DR215_BLUE.jpg_1088Wx1632H",
          "image4": "https://sslimages.shoppersstop.com/sys-master/images/h73/h92/27071265243166/S22346DR215_BLUE_alt3.jpg_1088Wx1632H",
          "image5": "https://sslimages.shoppersstop.com/sys-master/images/hb7/hf8/27072285311006/S22346DR215_BLUE_alt4.jpg_1088Wx1632H",
          "BrandName": "Fratini",
          "ProductName": "Printed Polyester Round Neck Womens A-Line Dress",
          "Price": 249,
          "strikeoffPrice": 499,
          "offer": "Buy Any 1 Or More Of Fratini And Get 50% Off",
          "countryOrigin": "India",
          "Sleeves": "Full Sleeves",
          "Fit": "Regular",
          "Neckline": "Round",
          "Pattern": "Printed",
          "Fabric": "Polyster",
          "PackOf": "Single",
          "Occasion": "Casual"
        },
        {
          "_id": "6242ec957e0aa8695acca776",
          "image1": "https://sslimages.shoppersstop.com/sys-master/images/hea/h35/26955181129758/A21VHFRGP755515_MID_BLUE_alt1.jpg_1088Wx1632H",
          "image2": "https://sslimages.shoppersstop.com/sys-master/images/hd8/hb8/26954598776862/A21VHFRGP755515_MID_BLUE_alt2.jpg_1088Wx1632H",
          "image3": "https://sslimages.shoppersstop.com/sys-master/images/h42/h1c/26954673160222/A21VHFRGP755515_MID_BLUE.jpg_1088Wx1632H",
          "image4": "https://sslimages.shoppersstop.com/sys-master/images/hc5/h20/26955237752862/A21VHFRGP755515_MID_BLUE_alt3.jpg_1088Wx1632H",
          "image5": "https://sslimages.shoppersstop.com/sys-master/images/h69/hfe/26954484088862/A21VHFRGP755515_MID_BLUE_alt4.jpg_1088Wx1632H",
          "BrandName": "Van Heusen",
          "ProductName": "Printed V-Neck Polyester Womens Fit And Flare Dress",
          "Price": 349,
          "strikeoffPrice": 699,
          "offer": "Buy Any 1 Or More Of Van Heusen And Get 50% Off",
          "countryOrigin": "India",
          "Sleeves": "Full Sleeves",
          "Fit": "Regular",
          "Neckline": "V Neck",
          "Pattern": "Printed",
          "Fabric": "100% Polyster",
          "PackOf": "Single",
          "Occasion": "Formal"
        },
        {
          "_id": "6242ec957e0aa8695acca77a",
          "image1": "https://sslimages.shoppersstop.com/sys-master/images/ha4/h88/27060679311390/A21LQD9095_BLACK_alt1.jpg_1088Wx1632H",
          "image2": "https://sslimages.shoppersstop.com/sys-master/images/h61/h9c/27060666138654/A21LQD9095_BLACK_alt2.jpg_1088Wx1632H",
          "image3": "https://sslimages.shoppersstop.com/sys-master/images/hcf/h3e/27060816936990/A21LQD9095_BLACK.jpg_1088Wx1632H",
          "image4": "https://sslimages.shoppersstop.com/sys-master/images/h6d/h79/27060915765278/A21LQD9095_BLACK_alt3.jpg_1088Wx1632H",
          "image5": "https://sslimages.shoppersstop.com/sys-master/images/hb5/h9d/27060784431134/A21LQD9095_BLACK_alt5.jpg_1088Wx1632H",
          "BrandName": "Latin Quarters",
          "ProductName": "Solid Polyester Tie Up Neck Womens Regular Dress",
          "Price": 649,
          "strikeoffPrice": 1299,
          "offer": "Buy Any 1 Or More Of Latin Quarters And Get 50% Off",
          "countryOrigin": "India",
          "Sleeves": "3/4th Sleeves",
          "Fit": "Regular",
          "Neckline": "Rie Up",
          "Pattern": "Solid",
          "Fabric": "Polyster",
          "PackOf": "Single",
          "Occasion": "Casual"
        },
        {
          "_id": "6242ec957e0aa8695acca77b",
          "image1": "https://sslimages.shoppersstop.com/sys-master/images/hea/h5f/26743134781470/A21SERALA2926BL_BLUE_alt1.jpg_1088Wx1632H",
          "image2": "https://sslimages.shoppersstop.com/sys-master/images/h96/hcd/26744644108318/A21SERALA2926BL_BLUE_alt2.jpg_1088Wx1632H",
          "image3": "https://sslimages.shoppersstop.com/sys-master/images/h15/h74/26743394664478/A21SERALA2926BL_BLUE.jpg_1088Wx1632H",
          "image4": "https://sslimages.shoppersstop.com/sys-master/images/h5b/h78/26742666821662/A21SERALA2926BL_BLUE_alt3.jpg_1088Wx1632H",
          "image5": "https://sslimages.shoppersstop.com/sys-master/images/h84/hb7/26744067129374/A21SERALA2926BL_BLUE_alt4.jpg_1088Wx1632H",
          "BrandName": "Sera",
          "ProductName": "Solid V Neck Polyester Womens Regular Dress",
          "Price": 749,
          "strikeoffPrice": 1499,
          "offer": "Buy Any 1 Or More Of Sera And Get 50% Off",
          "countryOrigin": "India",
          "Sleeves": "Three Quarter Sleeves",
          "Fit": "Regular",
          "Neckline": "V Neck",
          "Pattern": "Solid",
          "Fabric": "Polyster",
          "PackOf": "Single",
          "Occasion": "Casual"
        },
        {
          "_id": "6242ec957e0aa8695acca77e",
          "image1": "https://sslimages.shoppersstop.com/sys-master/images/h2a/h37/15643248066590/A20MISSD122562_RED_alt1.jpg_1088Wx1632H",
          "image2": "https://sslimages.shoppersstop.com/sys-master/images/h9b/hb6/15643134984222/A20MISSD122562_RED_alt2.jpg_1088Wx1632H",
          "image3": "https://sslimages.shoppersstop.com/sys-master/images/h42/h32/15642536443934/A20MISSD122562_RED.jpg_1088Wx1632H",
          "image4": "https://sslimages.shoppersstop.com/sys-master/images/hff/hb1/15643142914078/A20MISSD122562_RED_alt3.jpg_1088Wx1632H",
          "image5": "https://sslimages.shoppersstop.com/sys-master/images/hdb/hed/15643041529886/A20MISSD122562_RED_alt4.jpg_1088Wx1632H",
          "BrandName": "Miss Chase",
          "ProductName": "Womens Regular Fit Solid Flared Dress",
          "Price": 949,
          "strikeoffPrice": 1899,
          "offer": "Buy Any 1 Or More Of Miss Chase And Get 50% Off",
          "countryOrigin": "India",
          "Sleeves": "Regular Sleeves",
          "Fit": "Regular",
          "Neckline": "Boat Neck",
          "Pattern": "Solid",
          "Fabric": "Polyster",
          "PackOf": "Single",
          "Occasion": "Party"
        },
        {
          "_id": "6242ec957e0aa8695acca77f",
          "image1": "https://sslimages.shoppersstop.com/sys-master/images/h93/h87/14524454993950/206723615_9557_alt1.jpg_1088Wx1632H",
          "image2": "https://sslimages.shoppersstop.com/sys-master/images/hbd/h25/14521345671198/206723615_9557_alt2.jpg_1088Wx1632H",
          "image3": "https://sslimages.shoppersstop.com/sys-master/images/h93/hcc/14524193734686/206723615_9557.jpg_1088Wx1632H",
          "image4": "https://sslimages.shoppersstop.com/sys-master/images/he4/h19/14524948938782/206723615_9557_alt3.jpg_1088Wx1632H",
          "image5": "https://sslimages.shoppersstop.com/sys-master/images/hbd/h03/14523109113886/206723615_9557_alt4.jpg_1088Wx1632H",
          "BrandName": "Gipsy",
          "ProductName": "Womens Solid Shirt Dress",
          "Price": 1049,
          "strikeoffPrice": 2099,
          "offer": "Buy Any 1 Or More Of Gipsy And Get 50% Off",
          "countryOrigin": "India",
          "Sleeves": "Roll-Up Sleeves",
          "Fit": "Straight",
          "Neckline": "Collared",
          "Pattern": "Solid",
          "Fabric": "Geogette",
          "PackOf": "Single",
          "Occasion": "Casual"
        }
      ],
      "kid":[
        {
          "_id": "6247c0765212f7613b282b41",
          "image1": "https://sslimages.shoppersstop.com/sys-master/images/hc9/h37/15831150657566/A20VMYCRNPVCRCR_CREAM_alt1.jpg_1088Wx1632H",
          "image2": "https://sslimages.shoppersstop.com/sys-master/images/hf8/h16/15831184965662/A20VMYCRNPVCRCR_CREAM_alt2.jpg_1088Wx1632H",
          "image3": "https://sslimages.shoppersstop.com/sys-master/images/hff/h95/15831296049182/A20VMYCRNPVCRCR_CREAM.jpg_1088Wx1632H",
          "image4": "https://sslimages.shoppersstop.com/sys-master/images/hc4/h6f/15831532208158/A20VMYCRNPVCRCR_CREAM_alt3.jpg_1088Wx1632H",
          "image5": "https://sslimages.shoppersstop.com/sys-master/images/hbd/h81/15831380459550/A20VMYCRNPVCRCR_CREAM_alt4.jpg_1088Wx1632H",
          "BrandName": "Vastramay",
          "ProductName": "Boys Multicolor Base Cream Cotton Blend Kurta and Pyjama Set",
          "Price": 949,
          "strikeoffPrice": 1899,
          "offer": "Buy Any 1 Or More Of Vastramay And Get 50% Off",
          "countryOrigin": "India",
          "Sleeves": "Full Sleeves",
          "Fit": "Regular",
          "Neckline": "\tCollared",
          "Pattern": "\tEmbroidered",
          "Fabric": "\tCotton Blend",
          "PackOf": "Pack of 1",
          "Occasion": "Party"
        },
        {
          "_id": "6247c0765212f7613b282b42",
          "image1": "https://sslimages.shoppersstop.com/sys-master/images/ha9/h00/15832211554334/A20VMY6YWNPWHYE_YELLOW_alt1.jpg_1088Wx1632H",
          "image2": "https://sslimages.shoppersstop.com/sys-master/images/h5f/hd9/15831187980318/A20VMY6YWNPWHYE_YELLOW_alt2.jpg_1088Wx1632H",
          "image3": "https://sslimages.shoppersstop.com/sys-master/images/h00/ha1/15831227432990/A20VMY6YWNPWHYE_YELLOW.jpg_1088Wx1632H",
          "image4": "https://sslimages.shoppersstop.com/sys-master/images/h08/h6a/15830885105694/A20VMY6YWNPWHYE_YELLOW_alt3.jpg_1088Wx1632H",
          "image5": "https://sslimages.shoppersstop.com/sys-master/images/h00/h94/15831270785054/A20VMY6YWNPWHYE_YELLOW_alt4.jpg_1088Wx1632H",
          "BrandName": "Vastramay",
          "ProductName": "Boys Yellow Cotton Blend Kurta and Pyjama Set",
          "Price": 849,
          "strikeoffPrice": 1699,
          "offer": "Buy Any 1 Or More Of Vastramay And Get 50% Off",
          "countryOrigin": "India",
          "Sleeves": "Full Sleeves",
          "Fit": "Regular",
          "Neckline": "\tCollared",
          "Pattern": "\tEmbroidered",
          "Fabric": "\tCotton Blend",
          "PackOf": "Pack of 1",
          "Occasion": "Party"
        },
        {
          "_id": "6247c0765212f7613b282b43",
          "image1": "https://sslimages.shoppersstop.com/sys-master/images/h4a/hae/15021974650910/A20VMYRDNPWH057_RED_alt3.jpg_1088Wx1632H",
          "image2": "https://sslimages.shoppersstop.com/sys-master/images/hd6/h03/15023142797342/A20VMYRDNPWH057_RED_alt2.jpg_1088Wx1632H",
          "image3": "https://sslimages.shoppersstop.com/sys-master/images/hf0/hd1/15022144127006/A20VMYRDNPWH057_RED.jpg_1088Wx1632H",
          "image4": "https://sslimages.shoppersstop.com/sys-master/images/h46/h29/15023480471582/A20VMYRDNPWH057_RED_alt4.jpg_1088Wx1632H",
          "image5": "https://sslimages.shoppersstop.com/sys-master/images/h6e/h83/15023251357726/A20VMYRDNPWH057_RED_alt1.jpg_1088Wx1632H",
          "BrandName": "Vastramay",
          "ProductName": "Boys Red and White Pure Cotton Kurta and Pyjama Set",
          "Price": 749,
          "strikeoffPrice": 1499,
          "offer": "Buy Any 1 Or More Of Vastramay And Get 50% Off",
          "countryOrigin": "India",
          "Sleeves": "Full Sleeves",
          "Fit": "Regular",
          "Neckline": "\tCollared",
          "Pattern": "\tEmbroidered",
          "Fabric": "\tCotton Blend",
          "PackOf": "Pack of 1",
          "Occasion": "Festive"
        },
        {
          "_id": "6247c0765212f7613b282b44",
          "image1": "https://sslimages.shoppersstop.com/sys-master/images/hc3/h13/15831130013726/A20VMY6BLNPWHBL_BLACK_alt1.jpg_1088Wx1632H",
          "image2": "https://sslimages.shoppersstop.com/sys-master/images/h35/h85/15832136450078/A20VMY6BLNPWHBL_BLACK_alt2.jpg_1088Wx1632H",
          "image3": "https://sslimages.shoppersstop.com/sys-master/images/h97/h89/15831102554142/A20VMY6BLNPWHBL_BLACK.jpg_1088Wx1632H",
          "image4": "https://sslimages.shoppersstop.com/sys-master/images/hf0/h46/15831558684702/A20VMY6BLNPWHBL_BLACK_alt3.jpg_1088Wx1632H",
          "image5": "https://sslimages.shoppersstop.com/sys-master/images/h56/h5b/15831728947230/A20VMY6BLNPWHBL_BLACK_alt4.jpg_1088Wx1632H",
          "BrandName": "Vastramay",
          "ProductName": "Boys Black Cotton Blend Kurta and Pyjama Set",
          "Price": 649,
          "strikeoffPrice": 1299,
          "offer": "Buy Any 1 Or More Of Vastramay And Get 50% Off",
          "countryOrigin": "India",
          "Sleeves": "Full Sleeves",
          "Fit": "Regular",
          "Neckline": "\tCollared",
          "Pattern": "\tEmbroidered",
          "Fabric": "\tCotton Blend",
          "PackOf": "Pack of 1",
          "Occasion": "Party"
        },
        {
          "_id": "6247c0765212f7613b282b45",
          "image1": "https://sslimages.shoppersstop.com/sys-master/images/hff/he4/15830886613022/A20VMY6CRNPWHCR_CREAM_alt1.jpg_1088Wx1632H",
          "image2": "https://sslimages.shoppersstop.com/sys-master/images/h90/h67/15830880583710/A20VMY6CRNPWHCR_CREAM_alt2.jpg_1088Wx1632H",
          "image3": "https://sslimages.shoppersstop.com/sys-master/images/h8a/h2e/15831074013214/A20VMY6CRNPWHCR_CREAM.jpg_1088Wx1632H",
          "image4": "https://sslimages.shoppersstop.com/sys-master/images/h16/hde/15831310794782/A20VMY6CRNPWHCR_CREAM_alt3.jpg_1088Wx1632H",
          "image5": "https://sslimages.shoppersstop.com/sys-master/images/ha6/hab/15831917494302/A20VMY6CRNPWHCR_CREAM_alt4.jpg_1088Wx1632H",
          "BrandName": "Vastramay",
          "ProductName": "Boys Black Cotton Blend Kurta and Pyjama Set",
          "Price": 649,
          "strikeoffPrice": 1299,
          "offer": "Buy Any 1 Or More Of Vastramay And Get 50% Off",
          "countryOrigin": "India",
          "Sleeves": "Full Sleeves",
          "Fit": "Regular",
          "Neckline": "Collared",
          "Pattern": "Solid",
          "Fabric": "\tCotton Blend",
          "PackOf": "Pack of 1",
          "Occasion": "Party"
        },
        {
          "_id": "6247c0765212f7613b282b46",
          "image1": "https://sslimages.shoppersstop.com/sys-master/images/h43/hff/15831239360542/A20VMYGYNPVGYGR_GREY_alt1.jpg_1088Wx1632H",
          "image2": "https://sslimages.shoppersstop.com/sys-master/images/h7e/hd3/15830996353054/A20VMYGYNPVGYGR_GREY_alt2.jpg_1088Wx1632H",
          "image3": "https://sslimages.shoppersstop.com/sys-master/images/h08/hca/15831858774046/A20VMYGYNPVGYGR_GREY.jpg_1088Wx1632H",
          "image4": "https://sslimages.shoppersstop.com/sys-master/images/hf6/h5c/15831312302110/A20VMYGYNPVGYGR_GREY_alt3.jpg_1088Wx1632H",
          "image5": "https://sslimages.shoppersstop.com/sys-master/images/h24/h77/15831298998302/A20VMYGYNPVGYGR_GREY_alt4.jpg_1088Wx1632H",
          "BrandName": "Vastramay",
          "ProductName": "Boys Grey Silk Blend Kurta and Pyjama Set",
          "Price": 549,
          "strikeoffPrice": 1099,
          "offer": "Buy Any 1 Or More Of Vastramay And Get 50% Off",
          "countryOrigin": "India",
          "Sleeves": "Full Sleeves",
          "Fit": "Regular",
          "Neckline": "Collared",
          "Pattern": "Printed",
          "Fabric": "\tCotton Blend",
          "PackOf": "Pack of 1",
          "Occasion": "Party"
        },
        {
          "_id": "6247c0765212f7613b282b47",
          "image1": "https://sslimages.shoppersstop.com/sys-master/images/hef/h2e/15832059117598/A20VMYDK005GNGR_GREEN_alt1.jpg_1088Wx1632H",
          "image2": "https://sslimages.shoppersstop.com/sys-master/images/ha6/h86/15830951067678/A20VMYDK005GNGR_GREEN_alt2.jpg_1088Wx1632H",
          "image3": "https://sslimages.shoppersstop.com/sys-master/images/h6e/h60/15831717609502/A20VMYDK005GNGR_GREEN.jpg_1088Wx1632H",
          "image4": "https://sslimages.shoppersstop.com/sys-master/images/he1/h41/15830903193630/A20VMYDK005GNGR_GREEN_alt3.jpg_1088Wx1632H",
          "image5": "https://sslimages.shoppersstop.com/sys-master/images/h9d/h15/15830936027166/A20VMYDK005GNGR_GREEN_alt4.jpg_1088Wx1632H",
          "BrandName": "Vastramay",
          "ProductName": "Boys Multicolor Base Green Cotton Blend Kurta and Dhoti Pant Set",
          "Price": 549,
          "strikeoffPrice": 1099,
          "offer": "Buy Any 1 Or More Of Vastramay And Get 50% Off",
          "countryOrigin": "India",
          "Sleeves": "Full Sleeves",
          "Fit": "Regular",
          "Neckline": "Collared",
          "Pattern": "Printed",
          "Fabric": "\tCotton Blend",
          "PackOf": "Pack of 1",
          "Occasion": "Party"
        },
        {
          "_id": "6247c0765212f7613b282b48",
          "image1": "https://sslimages.shoppersstop.com/sys-master/images/he4/h9f/15831479812126/A20VMYKP001YWYE_YELLOW_alt1.jpg_1088Wx1632H",
          "image2": "https://sslimages.shoppersstop.com/sys-master/images/h22/h8d/15834113277982/A20VMYKP001YWYE_YELLOW_alt2.jpg_1088Wx1632H",
          "image3": "https://sslimages.shoppersstop.com/sys-master/images/h5c/hb3/15832081039390/A20VMYKP001YWYE_YELLOW.jpg_1088Wx1632H",
          "image4": "https://sslimages.shoppersstop.com/sys-master/images/hc7/he4/15831048585246/A20VMYKP001YWYE_YELLOW_alt3.jpg_1088Wx1632H",
          "image5": "https://sslimages.shoppersstop.com/sys-master/images/h1d/hf9/15831386357790/A20VMYKP001YWYE_YELLOW_alt4.jpg_1088Wx1632H",
          "BrandName": "Vastramay",
          "ProductName": "Boys Multicolor Base Yellow Silk Blend Kurta and Pyjama Set",
          "Price": 849,
          "strikeoffPrice": 1699,
          "offer": "Buy Any 1 Or More Of Vastramay And Get 50% Off",
          "countryOrigin": "India",
          "Sleeves": "Full Sleeves",
          "Fit": "Regular",
          "Neckline": "Collared",
          "Pattern": "Printed",
          "Fabric": "Silk Blend",
          "PackOf": "Pack of 1",
          "Occasion": "Party"
        },
        {
          "_id": "6247c0765212f7613b282b49",
          "image1": "https://sslimages.shoppersstop.com/sys-master/images/h33/h49/15831070933022/A20VMYDK004AQAQ_AQUA_alt1.jpg_1088Wx1632H",
          "image2": "https://sslimages.shoppersstop.com/sys-master/images/hb5/h05/15830850961438/A20VMYDK004AQAQ_AQUA_alt2.jpg_1088Wx1632H",
          "image3": "https://sslimages.shoppersstop.com/sys-master/images/hd5/hd8/15831523131422/A20VMYDK004AQAQ_AQUA.jpg_1088Wx1632H",
          "image4": "https://sslimages.shoppersstop.com/sys-master/images/h17/haf/15831084433438/A20VMYDK004AQAQ_AQUA_alt3.jpg_1088Wx1632H",
          "image5": "https://sslimages.shoppersstop.com/sys-master/images/hbb/he5/15831955570718/A20VMYDK004AQAQ_AQUA_alt4.jpg_1088Wx1632H",
          "BrandName": "Vastramay",
          "ProductName": "Boys Blue Silk Blend Kurta and Dhoti Pant Set",
          "Price": 999,
          "strikeoffPrice": 1999,
          "offer": "Buy Any 1 Or More Of Vastramay And Get 50% Off",
          "countryOrigin": "India",
          "Sleeves": "\tSleeveless",
          "Fit": "Regular",
          "Neckline": "\tRound",
          "Pattern": "\tEmbellished",
          "Fabric": "Silk Blend",
          "PackOf": "Pack of 1",
          "Occasion": "Party"
        },
        {
          "_id": "6247c0765212f7613b282b4a",
          "image1": "https://sslimages.shoppersstop.com/sys-master/images/h55/h10/15830999302174/A20VMY6ORNPWHOR_ORANGE_alt1.jpg_1088Wx1632H",
          "image2": "https://sslimages.shoppersstop.com/sys-master/images/h55/h3e/15831236345886/A20VMY6ORNPWHOR_ORANGE_alt2.jpg_1088Wx1632H",
          "image3": "https://sslimages.shoppersstop.com/sys-master/images/hd9/h92/15831209410590/A20VMY6ORNPWHOR_ORANGE.jpg_1088Wx1632H",
          "image4": "https://sslimages.shoppersstop.com/sys-master/images/h69/h66/15831998627870/A20VMY6ORNPWHOR_ORANGE_alt3.jpg_1088Wx1632H",
          "image5": "https://sslimages.shoppersstop.com/sys-master/images/h1e/h29/15831045373982/A20VMY6ORNPWHOR_ORANGE_alt4.jpg_1088Wx1632H",
          "BrandName": "Vastramay",
          "ProductName": "Boys Orange Cotton Blend Kurta and Pyjama Set",
          "Price": 699,
          "strikeoffPrice": 1399,
          "offer": "Buy Any 1 Or More Of Vastramay And Get 50% Off",
          "countryOrigin": "India",
          "Sleeves": "Full Sleeves",
          "Fit": "Regular",
          "Neckline": "Collared",
          "Pattern": "Solid",
          "Fabric": "Cotton Blend",
          "PackOf": "Pack of 1",
          "Occasion": "Party"
        },
        {
          "_id": "6247c0765212f7613b282b4b",
          "image1": "https://sslimages.shoppersstop.com/sys-master/images/h51/h72/15832262344734/A20VMYORNPVOROR_ORANGE_alt1.jpg_1088Wx1632H",
          "image2": "https://sslimages.shoppersstop.com/sys-master/images/h48/h8b/15831086006302/A20VMYORNPVOROR_ORANGE_alt2.jpg_1088Wx1632H",
          "image3": "https://sslimages.shoppersstop.com/sys-master/images/hf0/h66/15831582081054/A20VMYORNPVOROR_ORANGE.jpg_1088Wx1632H",
          "image4": "https://sslimages.shoppersstop.com/sys-master/images/h47/hdf/15832182063134/A20VMYORNPVOROR_ORANGE_alt3.jpg_1088Wx1632H",
          "image5": "https://sslimages.shoppersstop.com/sys-master/images/he2/h36/15831119331358/A20VMYORNPVOROR_ORANGE_alt4.jpg_1088Wx1632H",
          "BrandName": "Vastramay",
          "ProductName": "Boys Printed Orange Cotton Blend Kurta and Pyjama Set",
          "Price": 899,
          "strikeoffPrice": 1799,
          "offer": "Buy Any 1 Or More Of Vastramay And Get 50% Off",
          "countryOrigin": "India",
          "Sleeves": "Full Sleeves",
          "Fit": "Regular",
          "Neckline": "Collared",
          "Pattern": "Printed",
          "Fabric": "Cotton Blend",
          "PackOf": "Pack of 1",
          "Occasion": "Party"
        },
        {
          "_id": "6247c0765212f7613b282b4c",
          "image1": "https://sslimages.shoppersstop.com/sys-master/images/h51/h72/15832262344734/A20VMYORNPVOROR_ORANGE_alt1.jpg_1088Wx1632H",
          "image2": "https://sslimages.shoppersstop.com/sys-master/images/h48/h8b/15831086006302/A20VMYORNPVOROR_ORANGE_alt2.jpg_1088Wx1632H",
          "image3": "https://sslimages.shoppersstop.com/sys-master/images/hf0/h66/15831582081054/A20VMYORNPVOROR_ORANGE.jpg_1088Wx1632H",
          "image4": "https://sslimages.shoppersstop.com/sys-master/images/h47/hdf/15832182063134/A20VMYORNPVOROR_ORANGE_alt3.jpg_1088Wx1632H",
          "image5": "https://sslimages.shoppersstop.com/sys-master/images/he2/h36/15831119331358/A20VMYORNPVOROR_ORANGE_alt4.jpg_1088Wx1632H",
          "BrandName": "Vastramay",
          "ProductName": "Boys Orange Cotton Blend Kurta and Pyjama Set",
          "Price": 699,
          "strikeoffPrice": 1399,
          "offer": "Buy Any 1 Or More Of Vastramay And Get 50% Off",
          "countryOrigin": "India",
          "Sleeves": "Full Sleeves",
          "Fit": "Regular",
          "Neckline": "Collared",
          "Pattern": "Printed",
          "Fabric": "Cotton Blend",
          "PackOf": "Pack of 1",
          "Occasion": "Party"
        },
        {
          "_id": "6247c0765212f7613b282b4d",
          "image1": "https://sslimages.shoppersstop.com/sys-master/images/h10/h89/15831943577630/A20VMYWHNPVCRWH_WHITE_alt1.jpg_1088Wx1632H",
          "image2": "https://sslimages.shoppersstop.com/sys-master/images/h46/h94/15832092475422/A20VMYWHNPVCRWH_WHITE_alt2.jpg_1088Wx1632H",
          "image3": "https://sslimages.shoppersstop.com/sys-master/images/hee/he6/15831098097694/A20VMYWHNPVCRWH_WHITE.jpg_1088Wx1632H",
          "image4": "https://sslimages.shoppersstop.com/sys-master/images/h32/hab/15831836098590/A20VMYWHNPVCRWH_WHITE_alt3.jpg_1088Wx1632H",
          "image5": "https://sslimages.shoppersstop.com/sys-master/images/h97/h8a/15831804444702/A20VMYWHNPVCRWH_WHITE_alt4.jpg_1088Wx1632H",
          "BrandName": "Vastramay",
          "ProductName": "Boys Multicolor Base White Cotton Blend Kurta and Pyjama Set",
          "Price": 599,
          "strikeoffPrice": 1199,
          "offer": "Buy Any 1 Or More Of Vastramay And Get 50% Off",
          "countryOrigin": "India",
          "Sleeves": "Full Sleeves",
          "Fit": "Regular",
          "Neckline": "Collared",
          "Pattern": "\tEmbroidered",
          "Fabric": "Cotton Blend",
          "PackOf": "Pack of 1",
          "Occasion": "Party"
        }
      ]
}